free,frozen
0.00971521578697293,0.010918244588897758
0.001805230288836862,0.0018540202966432218
0.007716356684854014,0.007328049703293593
0.007074769139112286,0.008564194221030719
0.007583725435925809,0.00868293068680559
0.0036385894514911477,0.00202332777910022
0.0021156339123670764,0.0031734508685507257
0.011653265778169358,0.01092631347064646
0.006237115020354317,0.004876670468934752
0.006450257639601109,0.006895102994056379
0.003236051416148217,0.003276126356286213
0.010190703218116826,0.010216243827685989
0.011145885916203913,0.01225643614336197
0.009331156798729395,0.008448777905232518
-0.0008994286727727063,0.0006840725116862845
0.0062106744513322765,0.0074783963898999994
0.007403043691703415,0.00896416298478156
0.006822670417140464,0.008643759137505064
0.0057790849973574365,0.005664192651485572
0.005640264172687426,0.0034129692832764458
0.008283344929389397,0.00763459260234306
0.010324258182930618,0.01044661976139491
0.010664046800339444,0.01090519358728173
0.007765910102358664,0.008177570093458014
0.002726774016586553,-0.0011455677821162191
0.004606717395982091,0.00414702372801784
0.0065515254888228736,0.004902348383015703
0.0033760054378611237,0.004542879800611771
2.7755575615628914e-17,0.00030181086519112665
0.010294748452723795,0.010250978263724148
0.013832730368163432,0.010670963426868935
0.006234435831784263,0.0058047771035740214
0.007890915977526641,0.0065652420933021705
0.0076979113435464985,0.007208637317473593
0.011823556161891735,0.012126724268606948
0.005999384678494507,0.004961029637985864
0.0047568510025395305,0.0036766099382177786
0.01419444891823693,0.014001181081226138
0.008372791315394423,0.007714516687839318
0.006155424467812226,0.005224511508173935
0.00888253390528182,0.009380822392651339
0.011631867124256623,0.011959340860862921
0.005894079916789474,0.006736091333473693
0.005312905417928004,0.0050216664166129465
0.004241519432882146,0.00433050235804755
0.016346744614697234,0.016868053098992725
0.006454445253974483,0.006370378673242527
0.007915230435337678,0.007033181295915875
0.0114933602547177,0.010195364936376045
0.014974222008165755,0.013595017349518929
0.010356464062681814,0.009813428493852056
0.001824678780506378,0.0017703728644198335
0.00354642175138678,0.00440120032736202
0.006227666004067461,0.006917075524812966
0.006832368446586273,0.006622141725152825
0.024740622505985688,0.023275783688767232
0.011940870020858751,0.012303630629087375
0.005679144049449331,0.0069655799943522945
0.007312153303076219,0.008200657973729097
0.015293837483131817,0.014605879395655275
0.003982484799860797,0.004407798710525573
0.01920196980972594,0.019156032082908364
0.004955108535060843,0.0037390612569610238
0.014556296036478455,0.015796462394147393
0.01039533784848004,0.008938415498503716
0.01101325552914062,0.010094733808803463
0.013488962192336973,0.01289012940877951
0.013319719150107934,0.013262356018539784
0.020997496987114145,0.019440066747010265
0.0008122838276909683,0.0014760856653740217
0.009123128545824505,0.008732329834112679
0.007490180803064211,0.008147498945044934
0.010809125396247982,0.009457984721716939
0.010585272205294427,0.010752593479754075
0.011669746183020552,0.01147525041330355
0.0013627874892744307,0.0017749886434376139
0.008908766624718234,0.007568830181163028
0.0050519225371878085,0.005008743712083624
0.0031703833356725997,0.002741060592300254
0.007731012036459622,0.007756639700668866
0.00875337648437896,0.006523622649202365
0.006688218582738936,0.006563538076536007
0.011537711946988882,0.010183200155915062
0.007705173308725943,0.006044177864928724
0.002597560551829581,0.002380373214720094
0.004364323918308155,0.005050701270445629
0.005784069221492355,0.005748943295046077
0.0020312708806628776,0.002552452225043411
0.007385725825910877,0.008466307871463186
0.015076379826514136,0.018407922008136984
0.010672760899527622,0.010908362685389111
0.02134832670910486,0.020960566990876894
0.007641301632717978,0.00839067148080025
0.014538824178592397,0.0118757722250879
0.00016462260268332307,-0.0015168796961537168
0.009396636993076135,0.009437009225055054
0.010037654205413055,0.009944038777590564
0.0059014896410022055,0.005262256720506869
0.007601767942977067,0.01177016741298098
0.007467837490653245,0.007391145963149659
0.011519352266454036,0.012672514261178935
0.012281397892128898,0.012494314167642545
0.007646072127481168,0.008135308918087808
0.011054931870768642,0.010015853972062727
0.007313124546418831,0.007246134092558476
0.011404482752131267,0.010312964600937141
0.008821161172469283,0.007054525351824881
0.011402186204297088,0.013046027557900935
0.005468493362447091,0.005497478309597903
0.004556726206210782,0.005374922900696133
0.011432492158540086,0.010505774165953802
0.0024330648334126848,0.001439131965295215
0.011874059180816188,0.01074770782235232
0.008581297063051024,0.009739772166562938
0.006746646597901584,0.007516933020496719
0.0023716196185645244,-0.0003733104955148392
0.012391883941870796,0.01418182273347432
-0.0003884098500738231,0.0015381030062922296
0.006284706813629692,0.006092807368938691
0.011260048554236207,0.01086330187698964
0.006019041652215729,0.0055491536421914955
0.0062019948995759855,0.006277444959181533
0.012526956438395603,0.012076484401207593
0.010512396694214887,0.010399055489964587
0.004674135859192796,0.004073301760090464
0.014015467325992542,0.013871718943161887
0.01303801141309599,0.011916046039268796
0.00037371261499904995,-0.000648501302498411
0.004943546556030298,0.005304766032984548
0.02482392835405617,0.02273715329101819
0.011129128995712723,0.011373481129351104
0.006814244956184989,0.008610148767067477
0.004482901366073322,0.0038569106347747795
0.01730086504325215,0.01689084454222714
0.0034425819364523325,0.004153114836127125
0.001983986395521914,0.0019030073589698937
0.003844171462932755,0.004252212009277556
0.01571474893459332,0.014614600704094899
0.010825760568945048,0.011164418355252032
0.010133096716947676,0.009405501330967153
0.007308568405825305,0.008085845991082918
0.005522169887932443,0.006113830947353738
0.008858149737491855,0.009661256682568953
0.01386876423100808,0.013109777133788747
0.01594188714535824,0.015887515088245818
0.007568847400392015,0.00745240359423216
0.006183495585238841,0.006041996830427915
0.016224961830321516,0.015359022856231391
0.010536784329523152,0.010637494335062198
0.012306409224473153,0.013082226984881207
0.006041335453100122,0.006711333181921436
0.012420005596223499,0.011779147749325286
0.013696161470535234,0.014919033030404483
0.01072635433469521,0.012351202741048561
0.007818895192931913,0.0073202171601697286
0.0039618556226102275,0.005055972727691566
0.008885371693028943,0.008154106604425698
0.022438428036573893,0.02182716552479433
0.008223616750748536,0.008838849924121234
0.008554083885209673,0.008869441816461682
0.013009572940088227,0.011618375833778283
0.01562643288153623,0.014168332630266123
0.011630662483293336,0.012578556736210472
0.010969899665551786,0.012986144290492135
-0.0004181747393617874,-0.002018774603815471
0.006928515022750381,0.0056405821080735
0.004676772032239873,0.005085851382577611
0.013564045157909793,0.01258752917639211
0.007454391564606422,0.006291873591466712
0.010565815164334524,0.01058615359583473
0.010099029316599617,0.01085073700035949
0.01530643322688155,0.015567486664520208
0.009647749510763165,0.009510763209393314
0.012806242097413906,0.012871083829552682
0.01619169295752612,0.016278604889665288
0.007390246970522818,0.007474107929053619
0.0005291397246356411,0.001132359010720424
0.0021892950244320475,0.002414995542414755
0.0034079754033080056,0.0041673612268711135
0.004480112197592423,0.004859947796953534
0.012826517744550542,0.010580676154446661
0.007195751678485018,0.005048547756957428
0.008428316882088394,0.008220908636667856
0.004332845504096627,0.00465550421184846
0.016125352580056374,0.015389082462253179
0.012804899572875866,0.013307917681527781
0.02354469432491685,0.023788260128278005
0.009014841507359705,0.009136993831307644
0.011311920402829467,0.01052482870664695
0.0035113307943711314,0.0025119520298192977
0.006856503183376467,0.007306273800361834
0.009090804213149423,0.007994831624000637
0.008174230068118571,0.007310755060922991
0.008958405026475574,0.009358036477470744
0.007770436160956656,0.006340400237765026
0.0034792542971387452,0.005387651243703634
0.0004471784132800971,0.0010252383133739496
0.010028668016152764,0.010439679000421337
0.01679307575622374,0.015597394485589361
0.004297924297924277,0.005067155067155105
0.00654777953241148,0.007192928398104953
0.008517068479978074,0.00836988411684475
0.007494691260357261,0.008275388266644451
0.01207068193130914,0.01245644599303139
0.007178311591176156,0.008402218574245529
0.0021549866390828676,0.0008004236088021699
0.0051461364466965365,0.007348801374937014
0.0018044857821052918,0.0011747323547934285
0.0033981242354220453,0.0033981242354220453
0.011037250721183972,0.010761319453154339
0.013000144446049328,0.011911984207231885
0.0050880626223092085,0.006243138752326849
0.014130111439097537,0.012310931099974831
0.007801703970490653,0.007355581428244967
0.008288752394161575,0.0087951038020386
0.014912410560078943,0.013856402664692846
0.008472209291499833,0.008339207575777718
0.008302908962430772,0.008145879951321044
0.003742634177416715,0.004413805656041658
0.016141351964594625,0.015523554916541199
0.017602819357651484,0.016122293271326832
0.008624531174570155,0.007612610939878917
0.018515979648417252,0.017739085397434712
0.019671835962997153,0.018839046568682655
0.004828610160738461,0.005138467497256494
0.01286048007032567,0.011875595204180522
0.002578319300887505,0.003068884477605144
0.01341794705410071,0.012483090087216625
0.0032805591213806995,0.0024858895205493448
0.01491558043915664,0.014994313708336982
0.007740505108926182,0.00623674571042987
0.007354979001001988,0.0059479395399407164
0.008469744125822659,0.008291558765531809
0.009740677436547746,0.010485012221793405
0.005281182615915092,0.005327306481556188
0.016822069466185696,0.01783162049955761
0.008943451302700661,0.008467295330566116
0.009202425927789332,0.009760425909494191
0.008462363235989229,0.007666854975385384
0.017177128818143372,0.01779649644379752
0.005689943709113077,0.006856331456970455
0.01978143588324799,0.01968262751220279
0.008618239572013714,0.00918665886483322
0.007754706980388576,0.008353881962528537
0.0007380952380952044,0.0009047619047618805
0.014596567103662639,0.015224065028092593
0.009897816068924092,0.008775796433580424
0.01063122923588039,0.010491908691458607
0.006852710465692774,0.005948735893622631
0.006760316066725253,0.004038630377524166
0.0009170049395999247,0.0036068860957598203
0.016967370441458768,0.017055113792157905
0.011291641119967277,0.011271203760474136
0.003042783378411573,0.00021514629948368724
0.009507073000349253,0.00828457911281874
0.015903574119025654,0.01592748926807691
0.020360023479792128,0.018588168793616966
0.014717495871921865,0.013486764509809929
0.0032222515033181187,0.0039050334203780124
0.020648024145995342,0.01914889364168787
0.0002435146323645221,-0.00045838048445087654
0.003204882167805373,0.004020495893145015
0.013145539906103287,0.011804158283031496
0.005002831791580176,0.005353434558645093
0.007172623048412818,0.0074030687688437236
0.007997115491291007,0.007673532783550957
0.014015865261590765,0.013701816828343455
0.011299312498644493,0.010193237762692764
0.006840511026411977,0.006561078386444152
0.009102691008541358,0.008174053248701435
0.009722655032720462,0.008752170235498374
0.005784343096812861,0.0049316710068444125
0.010509862473608717,0.011629670239942158
0.017636684303350997,0.017529500034104084
0.017143640404554655,0.016722637242135602
0.0109988907700391,0.011209060657364739
0.007893795816198812,0.008045771500089394
0.020796719390744067,0.02116495104192817
0.003714110106242896,0.003687768899815591
0.008715486194477817,0.008679471788715448
0.007489058504678292,0.00806366657409091
0.009450843453032431,0.007774361112558803
0.0069551504595577185,0.007661257105198077
0.01406624102154827,0.01384858158601171
0.006755145831677717,0.00599448235147193
0.013943490680770415,0.01198253999679455
0.004538561641625749,0.004947247287080181
0.012309202726733887,0.010845806164789584
0.004352206326818486,0.005802941769091213
0.009011487927357786,0.008844426537210515
0.020493128014170664,0.014817113378069152
0.009063921940774267,0.007299802905321562
0.007571037876308001,0.009260530289431107
0.0021407685881369987,0.001344507101086051
0.004486809860170082,0.0037840565085771882
0.001940225631537007,-0.0008994423457456824
0.008512113392134979,0.008714324230635923
0.007076442030774316,0.007640676611301189
0.010650240350018686,0.009604405937269161
0.0062127628593270645,0.005860868087997934
5.188202028585942e-05,-1.2970505071485672e-05
0.005966799844800336,0.005903881041515957
0.0031079607415485377,0.0022355507088331616
0.007220292160227737,0.008245782930810769
0.008481694699965181,0.007713425252504569
0.010845200736367133,0.01030150993428014
0.015426355488004112,0.015085441554567536
0.007731181173630974,0.004978126414240447
0.017476077567956605,0.016152934202726676
0.0005160014190039031,0.000870752394569102
0.008905940167255766,0.008483489956030654
0.013662226159244978,0.014797905806730016
0.0076157483778730994,0.00809688771582534
0.010799352931332606,0.009661404585262406
0.0048650362417868576,0.004941564901770029
0.0065431424696620055,0.00486992972506467
0.010258591570440234,0.008694781879824337
0.018055086835751966,0.017847407907375212
0.01336149986796939,0.012424082387113788
0.01149193119724451,0.010779665341356048
0.016016843418590165,0.01534622582657516
0.002940567856326015,0.004149467975037874
0.01732311986618798,0.017184620137860485
0.006385002037766596,0.004910047159741443
0.005365068526557076,0.004135980100473058
0.004768454837230651,0.006956179996069983
0.01555215095836962,0.015034113328998011
0.007078655384716637,0.0066067450257355775
0.002962017102247111,0.002815486220863944
0.00549306500543062,0.006154729653812141
0.007540700958194174,0.007719061821857082
0.016122881977375186,0.0152233640016817
0.0031756604065320826,0.0014629446816608882
0.007222324334259567,0.005373495799591316
0.004701302040291594,0.006032725469671069
0.007801425777814591,0.008018706867117142
0.012250381158508572,0.01135479193543229
0.005956408273729008,0.005533539532186382
0.010997216753784539,0.011549986908075294
0.005612000897920105,0.005582720893235388
0.02181046130090719,0.022371117912519167
0.011541187863782026,0.011361480786318295
0.0026493575307987294,0.003444164790038451
0.010404195201379224,0.011421866768832917
0.018228372858623443,0.016495240417693596
0.0019270786211888213,0.0028137157332851215
0.00953561833909014,0.01002765230911537
0.002101328260653179,0.00015483471394286963
0.01130118648366818,0.009722965927345562
0.008537279453614044,0.008674297518919044
0.0019940800747779985,0.0007373941943188966
0.006980022359403093,0.0064550624605065055
0.003891431508358023,0.0038057710663501054
0.005603841079419497,0.004542919710014776
0.005105910396012825,0.006744677393141524
0.007565547659887262,0.007984154210569278
0.0061400270702596516,0.006127722406792185
0.003766563804683265,0.003963211714164722
0.012920038705137221,0.014118578465869114
0.005904366817019474,0.007243275277384442
0.007750979179550643,0.007245928674500135
0.006060996148853776,0.006490093221339005
0.002845711367035958,0.0020795583066801626
0.00710847627720268,0.008920440818450392
0.008120672407367496,0.008336439065534218
0.014011397537614656,0.014223831382944335
0.011981636839192122,0.011547519562409764
0.020366369610225976,0.019252407957511875
0.0058283273542128755,0.003555910912859145
0.005769020251778889,0.00517788724685278
0.011544011544011579,0.009808637259617614
0.009688982604111773,0.009720611491829179
0.009385109569153754,0.010253889504909769
0.00790185069661059,0.006250535148557224
0.008458807687599434,0.007430530052638051
0.010071704357418637,0.008858246001103132
0.008520786163100702,0.009110274514007088
0.006080647442103321,0.006374345976873974
0.0084713595583161,0.007436162870945451
0.00286610595212039,0.0023449957790076525
0.011591907264741907,0.01249704288079978
0.012425437266201572,0.011869376200586423
0.006260487183937902,0.0054272985014175434
0.0052866433740300645,0.00659521846661168
0.005656454795850557,0.006184109161135071
0.00880234417866188,0.00982967347272326
0.006142683702376139,0.007848181765624157
0.0011157393632847123,0.00042504356696565493
0.010297343407263015,0.011333170850597096
0.007173887889593666,0.00519633521621593
0.0034816892567818836,0.003766108942547225
0.007971324630858173,0.009324080584512867
0.011531428571428554,0.012651428571428591
0.007499774103189666,0.006676505727739118
0.004781341107871706,0.005271137026239131
0.009802089174090922,0.010809295371004862
0.009434764130896695,0.008706210916155671
0.009422252313247559,0.009783344617467826
0.007405673426826409,0.0061607541869719284
0.0009157509157509403,0.0021422030350601307
0.0015117865838974731,0.0021004468466540027
0.009627526846959666,0.009364866093527435
0.0149967984362889,0.01710870712993859
0.006803569202272597,0.007257734162110174
0.00833558555354827,0.008975690246226908
0.008684464458025065,0.00774249873638741
0.010712851981418886,0.010930779377186423
0.004397504786609885,0.004496325118893252
0.008470223067422983,0.009716165557340672
0.0029199416011679302,0.00441991160176794
0.009998639023726386,0.009417955813636941
0.010746111557581706,0.01156398239088538
0.013264142601168177,0.011984269192283542
0.008447093507658765,0.00663974876626286
0.002518516822547584,0.00222087392533743
0.018116577036961873,0.016963536237766197
0.001668142331036404,0.001244690816234878
0.010390505736938005,0.009811887526468721
0.006525160982590039,0.006229430002384878
0.0022608770905000186,0.0018065381536531144
0.00689522227824077,0.006509682968059538
0.0150900614744085,0.013633831448704559
0.011798390242172774,0.010690352090203137
0.010016056273415425,0.010026978908391854
0.009670251982022982,0.009291521486643473
0.004938353808081136,0.005515419871047894
0.0023633807766648973,0.001994377086628002
0.009299375487900108,0.009348165495706495
0.007366929254497362,0.008081917189076054
0.014636093493591157,0.012669830428290563
0.012657563025210122,0.012153361344537816
0.014680052348808398,0.014017082242733153
-9.569530614517152e-05,0.0007336640137801387
0.0016582287768728,0.0011446180937706163
0.004496097726501502,0.00607154976004648
0.005796317131179035,0.005383311733625745
0.012691413930763229,0.011755092312799476
0.011983352468427133,0.011368295883221247
0.012262987770335548,0.011818676619236496
0.008844240902151967,0.010006401733392373
0.007139597052878671,0.005517702288583143
0.01291715705823418,0.0140162826211713
0.0007159050232669051,0.0013806739734433249
0.010365494203183279,0.009382982904303394
0.00322420634920631,0.003988095238095318
0.0038328680263095827,0.0036672502720863365
0.0004926108374384008,0.0008374384236453092
0.008135842557542905,0.009696632640246866
0.00946487861670478,0.010219481695485283
0.0052723233051101825,0.004419624091755198
0.0020236174082327862,0.0020236174082327307
0.018816402755763406,0.017482462610442395
0.010228909081880927,0.008751675852822854
0.004416496409302806,0.0043675601610002335
0.014985737328470444,0.016106092028000923
0.005771545278821233,0.005397716911630629
0.0031222192734596255,0.0014986652512606613
0.014424793730148211,0.012611122596650787
0.008876190476190537,0.007971428571428574
0.003923299494875215,0.004152158632076297
0.009319107755170308,0.008865099941456928
0.006343018038924453,0.005301319141475053
0.0029062563363146388,0.0021515308536282363
0.00401628296415299,0.004220500741991234
0.008774247628766413,0.009311818355762475
0.013035843404606978,0.013428364838343143
0.01130010705364573,0.01142986904852017
0.011783007030269715,0.010846210701823705
0.012071600345918254,0.011360809354009432
0.008213599341081762,0.008625423263475818
0.0058710984393758325,0.004464285714285726
0.010514477879198125,0.00959732716076342
0.009413720666374581,0.008964378391130012
0.01078068469372817,0.01128259823911995
0.00914976891368613,0.01046133988424866
0.010145975505039095,0.00880146427441586
0.008062190875418596,0.006487457582008138
0.01058116598063924,0.009224313877518486
0.008498327456830351,0.00911826623787576
0.005529088103066487,0.006723478494262886
0.012960414386493396,0.013426382462261965
0.003984770249830516,0.003254576748552701
0.02329880280379626,0.023038273059983905
0.011104298657946737,0.010729613733905546
0.0067402383944973054,0.009419759395588478
0.006514694131226129,0.0054270620616176934
0.0016427957740494659,0.0016711198391192728
0.014927071480293763,0.014544326057722157
0.003246549981665514,0.003684789510871034
0.006664525453669551,0.005781275092339805
0.012207055965175712,0.011287519613963432
0.004713348611510654,0.0051401478952300406
0.010967780644387137,0.011447771044579114
0.0051957871995678695,0.004158790170132348
0.008834980533093728,0.008235998802036543
0.003087728597932632,0.0047177312483434874
0.00773445564996425,0.007385055189390949
0.009579713975809173,0.008732032339510143
0.006244979399341849,0.0048716021870384985
0.004051236222817944,0.004638495255117253
0.005695169062885835,0.006212911704966406
0.018012381141985,0.017822777129964024
0.015287769784172622,0.016079993148338495
0.0053434417245159516,0.006062751187431464
0.011205382257379326,0.008208860977485882
0.011367228199154755,0.01260814085529316
0.005085823267641482,0.00597130142584687
0.014671472838803518,0.013754505786378296
0.003573077684205922,0.0015281778403219148
0.018770764119601324,0.01917965755175055
0.006307158625039416,0.006450503139244834
0.009600538977626832,0.010030972499040863
0.0062562117487053315,0.005147251137730818
0.004381730412179735,0.005707920004243805
0.006682000570824159,0.0073199805248224115
0.0029540626659585456,0.0019361833952912244
0.006568028174715634,0.0056167267133546694
0.002178671626912737,0.00017470480027129143
0.010398160727348699,0.011558156547183562
0.018236856080722286,0.01831120552310142
0.002064526575719594,0.0010659973822343127
0.017236225963933455,0.018517200643333953
0.02257650218122767,0.024253553118996296
0.006880059337314753,0.006163919331943685
0.0028057049333645168,0.0031032796990243527
0.015968168099171814,0.015331112341127662
0.013339697225587727,0.01505305283254399
0.005106853154391328,0.007006764222383943
0.012093880321986217,0.012927941033847368
0.015480978546746405,0.01629832242192747
0.00928456194646557,0.0095589284342453
0.01036573210914507,0.00918141203785136
0.008455862056274271,0.006808855192212138
0.005884332963484756,0.005697330856594296
0.007791424262012514,0.009092867916397351
0.0068120290464137034,0.007046589587466678
0.007493646690849065,0.007667412411216545
0.005832149177483897,0.00715724136728596
0.010495004194950808,0.009686522767142103
0.009287502366577577,0.009245429875675809
0.010121821747971133,0.011084519460889258
0.007310529845741154,0.006623071763916827
0.009293680297397744,0.009324318803872744
0.004098586884521971,0.005450982556855749
0.0206771115862025,0.020464384100747746
0.009213965361185406,0.008827507652879651
0.012097001069037328,0.011975093306326096
0.010843694967714423,0.011750893857729872
0.00829831219123972,0.008521541641998198
0.008877847938399408,0.007660484174271065
0.00883751246070083,0.0076585384556398794
0.005972086270800592,0.0056751317048491234
0.0035961077422084486,0.00407961802687512
0.009727145330145903,0.00932413742569535
0.015012007661568738,0.016217635219881177
0.012519089726427762,0.013122419351797698
0.014760486286682195,0.01378424157467445
0.013217917847745092,0.013400794497444829
0.008915761426521812,0.008626954107585377
0.00924080972595226,0.00948145581256557
0.005711472181191557,0.004994021242174879
0.008350059434495377,0.006586511292554109
0.013152385764816282,0.011896340142929285
0.016947178382155953,0.017354842466950043
0.01049887178048245,0.008195667169396598
0.005214709483002178,0.005391279781523678
0.00887688802632694,0.008589992405704128
0.006032335769403513,0.007144898542440686
0.01656805666070546,0.017198320347275337
0.011357813834329628,0.01193119433939241
0.010789500985579487,0.01145643442562208
0.015059046443994,0.016425046267735915
0.016443247892011154,0.015807579411819678
0.007544141252006448,0.008924558587479925
0.0017522955071142543,0.003664800889164793
0.0040392591878074535,0.004798881064917548
0.00860857343640195,0.00839942442191216
0.0077656039277560485,0.00735132085783044
0.01059675574943883,0.010588285121341773
0.01529035623988334,0.013698446885074878
0.01933965348152994,0.01791435109512915
0.003474930155878242,0.0038994244646929632
0.014023526575386469,0.01472671200538439
0.006500511354880251,0.005870073831238859
0.007915940766550555,0.010082752613240376
0.008674089654773148,0.00822060554601417
0.005828511133628672,0.0068250525487174585
0.007153657513881639,0.008081218790104289
0.002965314177125311,0.0037275252156117322
0.01071428571428576,0.009843205574912861
0.005079308501158425,0.0058049240013238745
0.0053510095633094445,0.005897219882055577
0.006392766028703423,0.007476285694585388
0.011576438542730716,0.010438250887689154
0.01006978006699949,0.009573242588350572
0.01609479051369056,0.015659305764729375
0.007115324400488038,0.006456698014403461
0.0031276486528429293,0.0028769592570043745
0.00039585774456094014,0.0028976786901858953
0.012091031698874904,0.009695460675852807
0.0033960819090616268,0.0027410512737826576
0.0015748831538305585,0.002959256248729919
0.002786576320115447,0.0019947075097229705
0.014794880541763061,0.01430213900365132
0.01837013875317567,0.015731874145006874
0.0034929356357928376,0.002717817896389363
0.002155664325023482,0.0018513352438436492
0.00195983838871136,0.0010150957808196803
0.015792977745762493,0.015923949226722495
0.004021181338913077,0.006020082527733284
0.0022574670062514013,0.002176429729103979
0.01405963640255245,0.013885730338581814
0.01154955793392276,0.011577477896696081
0.013535288430551129,0.012430366926016345
0.00516708617267278,0.006128880430556399
0.01020339665704495,0.012159686993546137
0.0030997122385522657,0.004509550203750545
0.009094890019200275,0.008746813981428514
0.018613607188703474,0.01782275811479922
0.014832062188325057,0.015143737166324445
0.02706709543794622,0.028222597699896462
0.0072327345054617465,0.008775008775008836
0.00971731448763255,0.00999074541477371
0.013584360509821258,0.015646480415686115
0.007830268741159774,0.00816973125884013
0.014847831024301567,0.011625596184419718
0.004771458919930527,0.004392102645377788
0.00975689080413042,0.010905358159199935
0.004794942541051672,0.006616484958881341
0.005384715193979511,0.005977867986431601
0.012767101196075825,0.012117546924696548
0.00361539964823146,0.005341671552341831
0.008057340583292188,0.008205635195254551
0.008471064868099981,0.007561806546659916
0.011579303595437768,0.010134177238345254
0.000803148341498694,0.00166366442167587
0.005014631550944393,0.005160947060388443
0.012728361784965586,0.011690839857955687
0.0010032102728732284,0.00012982721178353418
0.008450046685340828,0.0073646125116713645
0.009258360040141106,0.010326632352465115
0.013679967573410223,0.014366780760223408
0.009799952245995364,0.010941895833982196
0.01295857427244293,0.013622144279078596
0.012238084398339372,0.008769362513956241
0.0005292283620382254,0.0006672879347438265
0.017964755059070026,0.018151455746750894
0.005594646353796834,0.004228261571234904
0.003358248236656536,0.006295399515738459
0.01237011380504699,0.011557220612143898
0.003584133522347377,0.004239441517104842
0.006367730656570952,0.005742535283016714
0.006801109832848318,0.0067559946764114975
0.0052045650804023735,0.0038859196676546692
0.007005169331851746,0.007990724189574389
0.011865669582494048,0.01022379204724197
0.015206264572283162,0.014138017519251617
0.009758685229854569,0.009538489255437349
0.013154721713128148,0.011743995369923765
0.002002937641874758,0.0005531923010891615
0.007842293788208443,0.007254949000272987
0.013997338065661058,0.016271073646850015
0.013275455978821571,0.0121756564732447
0.002775306884895884,0.0027397260273972213
0.010228008664775912,0.009915362111704129
0.019673104428472477,0.01965511347792062
0.013322505371149013,0.014823343167590153
0.00978790723996456,0.009080502643120852
0.01950710852259724,0.01937994353874717
0.006900410294666148,0.007053996533339185
0.007900617434311558,0.00938330703324397
0.007983283326189472,0.008587961545526906
0.005564354344842148,0.004487382536163015
0.003469685902118297,0.003669692858882051
0.0009256108350915448,-0.001442863948819123
0.002371475723577432,0.0028291289333906566
0.00847385089446201,0.00870923564153045
0.010282885431400296,0.012588401697312596
0.008497657696916877,0.008684419404541427
0.008967972794189483,0.00915443559486076
0.00660216277746159,0.007994396042204782
0.012519597897260898,0.013660887208337164
0.004830287206266298,0.00451324132786271
0.008105945519696595,0.007584103533450098
0.011242979992979962,0.01083713583713583
0.014049896416449964,0.013664212985410151
0.005615082347383588,0.004906486869511034
0.006725452099835633,0.006148984776992494
0.010533443683695742,0.010662424626761369
0.006486384858834987,0.005985021777958843
0.018706074445680232,0.01890721503111764
0.011768615180129033,0.012654722676044616
0.008442455269525084,0.008577451479246961
0.002908722635043659,0.003497532885052501
0.0026518685851789903,0.0014855374944753308
0.003316987030342028,0.004462421400532157
0.007653061224489804,0.005363975947521915
0.0034685756679417312,0.0031698927632022866
0.015853056091974654,0.01649675903055342
0.011551208558689852,0.010676771275274999
0.005830903790087438,0.005873156716102612
0.016327398244779356,0.015284793149173581
0.003407064334956994,0.003739785461417622
0.004218304131456685,0.004314801284790698
0.003673171240738793,0.003986225607847255
0.01229462761357833,0.012616128245493435
0.014441178613938316,0.013129448344547795
0.005352383938369204,0.005878664367455683
0.004655261595049753,0.006599743290101379
0.012748481305079495,0.013223816178497771
0.00813345401518581,0.007127771911298819
0.005382192957343213,0.006126538791869418
0.011242116808335617,0.011801480669043019
0.0043320572234535615,0.0033805717867776974
0.01350714474229911,0.01268710176073598
0.00814671175538581,0.009825714758672888
0.017562107452894354,0.015881905828699416
0.0030813906590304585,0.002363475034282525
0.007744340674122718,0.007215880702563543
0.011864509117256394,0.01012357605764197
0.0006414672970469215,0.0006889833931244538
0.008536848930192326,0.00808659318492902
0.0035588531187122907,0.0030809859154929398
0.0019242253334217918,0.00047773870347023184
0.015495404923998174,0.015659319644632852
0.007346858657095279,0.007823563226448699
0.006288689109084172,0.009351007283942447
0.007358519192838697,0.0069250276350868445
0.006241084165477889,0.007769512940696971
0.013128960483000024,0.013441244974171485
0.012238394279822706,0.01257314248222488
0.009412355891419671,0.008088441356384313
0.015216074116060463,0.015089029181244218
0.006395748178675553,0.004425227172921653
0.00603971510028109,0.006178787487458703
0.007075658154794856,0.005988615700845912
0.010345215337906222,0.01033718333842032
0.014882256665265464,0.015275777875164404
0.0056013960402439,0.005439817308313721
0.012913936216688515,0.0148536478811708
0.01116161325585413,0.011230654162591336
0.009447606606326375,0.009680880843519646
0.0062111801242235865,0.005582199858479492
0.018057109398688764,0.019050407252119872
0.003814361217065576,0.003539805653883482
0.013369963369963378,0.013111398405516117
0.0027805762643562104,0.002847739942239247
0.006250664193451744,0.008173202330232193
0.009048990106726107,0.010282943303097869
0.0027589115478899584,0.0019505680370432155
0.002531451365449494,0.0031341778810327348
0.00912862111600285,0.009013068949977415
0.006320124982246794,0.005863615152068513
0.0074839629365644755,0.008171265655228604
0.0032586367880484968,0.0028291316526610766
0.002203548085901036,0.00196700902583255
0.01937191158460866,0.01866109431603105
0.001568191015783038,0.0009611493322541353
0.013074231536175207,0.0113999774257873
0.010055631363493217,0.009362863440747354
0.0043780961306734145,0.0038425492033739572
0.018783287963072604,0.018380873476150944
0.014239473397889307,0.012308236318137294
0.016707866376151737,0.016121625450672722
0.01122620604960356,0.011159462850735519
0.004439165436897846,0.005231016568885083
0.013715416882688403,0.012744497337040972
0.014612627515853405,0.014366457914844977
0.009498711302887292,0.010213045282982447
0.002500599101868145,0.0035425153943132726
0.007829447974364273,0.00722379447423771
0.007467379342870617,0.007703191322119163
0.004046916798134237,0.004076313288193328
0.008838348560625126,0.008381995473722426
0.0038256074444252552,0.004721695674651055
0.012156887335204064,0.011882553965292891
0.009942235058875731,0.011808487002888307
0.006229500728862997,0.00469205539358597
0.009585238956748426,0.011383173579350758
0.008643790997103773,0.008815223177630838
0.012222077753218041,0.012890762858257354
0.0035604732690621976,0.003680981595092031
0.010939944638343996,0.011890720905042729
0.023214959314544398,0.02388317077113758
0.0072447070317900875,0.007991298977814254
0.006597800076810212,0.007927207554973476
0.008815472731800472,0.007885780692288569
0.004134228740088619,0.0031778026882771093
0.002542322542322506,0.003884763884763859
0.012443101631914755,0.010137351169770797
0.007270653646018976,0.006781870207631102
0.011684862791383893,0.012721831134342165
0.014402157259300136,0.015774958632101543
0.0009587727708533222,0.0019756529823644065
0.006164232773170936,0.006499701223411536
0.010704884469143056,0.010504324572765594
0.009857375577645544,0.011336813058944795
0.003901853380355702,0.006796085283366754
0.014612472904916463,0.01525951967561398
0.0049914041542435394,0.0033885073126977694
0.0053345458981667315,0.003160801623653897
0.009612473508931213,0.010942433285757558
0.0031877305810363576,0.0024298086247060147
0.018539095268126166,0.018378930298207197
0.00731195250850647,0.007208530266519159
0.019634154060383574,0.01938097347933415
0.0009599441487040672,-0.0008203159088925882
0.00835181478877045,0.007756802077135333
0.016433224563842164,0.014689771348466829
0.011917052594318744,0.011017374118757556
0.010344383925890988,0.011313633829394792
0.003050567485479827,0.002970639953109172
0.0014754559838476289,-9.706947262150267e-05
0.007504127269998495,0.007600608906327022
0.005533953226260907,0.006435615666384897
0.00480030721966207,0.006649688737974002
0.0016914285714285104,0.0002971428571428292
0.012795021287590275,0.012267044114177894
0.004189808048328941,0.004356843585139408
0.006827219889318392,0.006618649016936012
0.01055117032440575,0.011121503855454656
0.015050417963039325,0.015856355662180938
0.006097560975609734,0.005879790940766544
0.004647693987181012,0.005760978825970903
0.007049270395857982,0.007086518852375018
0.017602456156673052,0.017397776433921014
0.006146611113402867,0.007095416855740222
0.007184228113165492,0.007279699583107951
0.008740109279706199,0.008320674722833127
0.013217751225131302,0.011577734824967267
0.015644454068099334,0.014958768653349969
0.010516860660952893,0.011988971643150326
0.007509936871638978,0.0060883797054009925
0.011712347613863333,0.012765142904997251
0.0028028201571891065,0.0013002773925104294
0.009967274827283795,0.011154364425812302
0.006597856148659681,0.005142712532311383
0.006384420177523609,0.006177730315661378
0.0007234093093060612,0.0016627616960169234
0.008995913720547255,0.008762121612555657
0.007177793304960961,0.005843867115543411
0.005226210775737927,0.005525167748078902
0.0051257712387280385,0.004999208985919934
0.01043495103320538,0.009962836079266874
0.005912521258503389,0.005686649659863957
0.0033108401958446276,0.002146434533746716
0.004162978204177353,0.00011962581046487397
0.0028222219781909585,0.002503761132402832
0.013420506086260081,0.01244260661432578
-0.0035139757361979385,-0.005117310672866249
0.006663439653130404,0.007126893724831884
0.009613130128956648,0.011070172500418696
0.004270186335403686,0.004869121561668105
0.0057274620648616326,0.006917584052365394
0.004290650432229232,0.002607297902770561
0.003836739533662481,0.005098713464160798
0.013917654974077487,0.01534240069654233
0.01614750451959754,0.015674248232387777
0.010197731861879777,0.008788082750212728
0.0051485534147202305,0.005124210372570215
0.007079698011221713,0.005806723265082331
0.0030431614590030465,0.0016858828740016762
0.0004164931278634043,0.0005949901826620141
0.007702982643148809,0.00793427324470547
0.004125004125004134,0.004026004026004032
0.00457737377218681,0.004868171635361018
0.00847705349313066,0.008518812377333262
0.026277757921399747,0.022952246274339172
0.0009031062100434695,0.000522850963709437
0.0020143884892086794,0.004563206577594986
0.0065781390293464526,0.0077217522801379945
0.006587535900062252,0.00446867907854831
0.005003567684704835,0.0062985050960632505
0.0037636338875614295,0.004011241380164149
0.01319604830750759,0.01309430545239959
0.005077223106408707,0.00457286319517608
0.01013396833475727,0.010570228854997948
0.006300596406603465,0.0059640660347373975
0.0064727383490709445,0.006733823593403243
0.006772822249441562,0.006371393575082623
0.01509833470041777,0.01681513839345325
0.008378481802984866,0.007794404946526751
0.0058261276574778365,0.0071194540930702155
0.010101519006474019,0.009656481178258652
0.008365028021659004,0.007772603940805034
0.017926038686648632,0.019124607403130295
0.013458776027849312,0.012630543656904747
0.005123745258701989,0.005878161738510829
-0.00029551555150586495,0.0007387888787646901
0.0014796001584453655,0.003180557820910146
0.012842690724358424,0.012284312866777558
0.01210484968520753,0.011263927769233406
0.011830933923957204,0.011600221483942463
0.006465228051770633,0.006221257181892481
0.008341316611993305,0.00820584279230896
0.008041838864982276,0.006646499936091316
0.006840564547768296,0.007393845503837787
0.012859274228561979,0.01365656501866927
0.005417459337558106,0.004863114661156798
0.00638310218766322,0.006457709875570983
0.0017196666065708022,0.0024269488399184247
0.014115710362546857,0.013623391309030175
0.0089682240980698,0.007892897467605825
0.006085797816272526,0.006344344782323291
0.004312571015391009,0.004067245119305868
-0.0006441576119983472,0.0008264663701111341
0.005993791047222918,0.005952807860575171
0.002768206849839472,0.00343571772143203
0.00980533294943775,0.008701633155781652
0.010568917386905269,0.011312520570989693
0.012255643925842358,0.011136490812853783
0.019186158901991074,0.018519234486758185
0.005321582748124998,0.00526190144627689
0.022662520064205494,0.02120786516853934
0.00821120465648062,0.008612113382927222
0.006812875998922496,0.006790428302056201
0.005560727996224812,0.005343910620225267
0.003672291684882395,0.004134450842503662
0.004658248246861979,0.006408238804466948
0.02490535963339313,0.023062363020521975
0.004050829006866458,0.0025226092781778786
0.016730576655350132,0.015448306181764876
0.003126481555040167,0.0031264815550401392
0.006242040875973354,0.00594977140351971
0.0001953484096340885,-2.298216583929147e-05
0.02292756539235416,0.022072434607645852
0.019264908935498704,0.020147844791148062
0.009525955009171916,0.008463939754771055
0.012723892642851564,0.014705391234651727
0.006164628013367507,0.006018623665682538
0.0122223289674534,0.010258216714168322
0.010558907589711036,0.009946468266569863
0.000488458742275516,0.0022378226099599996
0.0077111885975538474,0.008743560841488751
0.005666022615175154,0.006383447061413167
0.0034369648585417523,0.0033284291261667653
0.006550890644004215,0.006289162933197867
0.004591701652861324,0.00580959945535009
0.0060892434278730645,0.005772777371585741
0.02313613419614799,0.023464616934380067
0.01640904466541962,0.017147451675363468
0.03305183780565782,0.03036182832447687
0.006908710879225205,0.0068767999744712704
0.006202330962378988,0.007177136001371182
0.012221585681301356,0.01237782754370434
0.01379253762637081,0.014740603662816654
0.004582253149588378,0.005423659435120742
0.014742728858064935,0.014963218344725332
0.0058785758568771496,0.005491099105482206
0.001236093943139699,0.0003433594286499364
0.01437300972544972,0.015663998622945235
0.02312413007718586,0.0222594795225442
0.013385880274512457,0.012638445335326487
0.006677685950413181,0.006800472255017731
0.017372771893567535,0.015930422802032163
0.004877571966179606,0.00385122916768485
0.007732512350540566,0.009164459082122156
0.0019072753684257204,0.0015746110599793584
0.006401432488389008,0.00843825191651279
0.008008559756176648,0.007587056611114695
0.019876939539860916,0.017834849295523453
0.00614841745081271,0.009427573424579366
0.007960428160890765,0.008040533098358837
0.00932789837899331,0.00908142951938573
0.022850531491792614,0.021362974287986974
0.004882598200570576,0.005060895325872283
0.011397145101880501,0.01158080545267176
0.01261163900330331,0.010868235390073866
0.006667801327553263,0.0066778130412582515
0.012715222246235863,0.01010974233364545
0.018115030443315028,0.017360237508176973
0.022484808404976103,0.02071297555619328
0.014754797441364598,0.012062138288151059
0.010335573446891566,0.009714551866391696
0.018905869324474023,0.01888815060908086
0.007091645125103629,0.007345266546359058
0.006839512114802493,0.008156751485060731
0.016084763492869053,0.01570154633302609
0.010324808935920055,0.01218645894571821
0.01028678602528163,0.008880127843219787
0.015746537658888282,0.015567980180119873
0.013977537941794654,0.013513339264760837
0.014714054872053572,0.014577259475218651
0.012448086455588786,0.011499129192158286
0.012717743178665003,0.011462485410381196
0.008066696710229831,0.006286615592609263
0.0051829967144639555,0.006545602730305855
0.004215497206151442,0.004512189091628288
0.013953913831671577,0.015192968158798476
0.00569293719978653,0.006486664020910582
0.022055746639586038,0.021627083354596427
0.010434698045317492,0.010347174948944854
0.0005744304336949557,0.0008431156365522885
0.018333764495484045,0.01810881032989531
0.008951636559770576,0.00808107571040606
0.015204347133476098,0.01589464927341272
0.017628335917734467,0.016299215352508417
0.011361519836096096,0.010531135531135521
0.0033058837570116018,0.005131877312328392
0.0060757463607204465,0.005654247882227181
